# ************************************************************
# Sequel Pro SQL dump
# Version 3408
#
# http://www.sequelpro.com/
# http://code.google.com/p/sequel-pro/
#
# Host: 127.0.0.1 (MySQL 5.6.15)
# Database: dagal
# Generation Time: 2014-03-20 08:44:17 +0000
# ************************************************************


/*!40101 SET @OLD_CHARACTER_SET_CLIENT=@@CHARACTER_SET_CLIENT */;
/*!40101 SET @OLD_CHARACTER_SET_RESULTS=@@CHARACTER_SET_RESULTS */;
/*!40101 SET @OLD_COLLATION_CONNECTION=@@COLLATION_CONNECTION */;
/*!40101 SET NAMES utf8 */;
/*!40014 SET @OLD_FOREIGN_KEY_CHECKS=@@FOREIGN_KEY_CHECKS, FOREIGN_KEY_CHECKS=0 */;
/*!40101 SET @OLD_SQL_MODE=@@SQL_MODE, SQL_MODE='NO_AUTO_VALUE_ON_ZERO' */;
/*!40111 SET @OLD_SQL_NOTES=@@SQL_NOTES, SQL_NOTES=0 */;


# Dump of table categories
# ------------------------------------------------------------

DROP TABLE IF EXISTS `categories`;

CREATE TABLE `categories` (
  `id` int(10) unsigned NOT NULL AUTO_INCREMENT,
  `category_name` varchar(128) COLLATE utf32_unicode_ci DEFAULT NULL,
  `created_at` datetime NOT NULL,
  `updated_at` datetime NOT NULL,
  PRIMARY KEY (`id`),
  UNIQUE KEY `category_name` (`category_name`),
  UNIQUE KEY `categories_category_name_unique` (`category_name`)
) ENGINE=InnoDB DEFAULT CHARSET=utf32 COLLATE=utf32_unicode_ci;

LOCK TABLES `categories` WRITE;
/*!40000 ALTER TABLE `categories` DISABLE KEYS */;

INSERT INTO `categories` (`id`, `category_name`, `created_at`, `updated_at`)
VALUES
	(1,'Paint','2014-01-18 19:28:49','2014-01-18 19:28:49'),
	(3,'Electric equipments','2014-01-19 04:34:36','2014-01-19 04:34:36'),
	(4,'Plywood','2014-01-19 04:36:48','2014-01-19 04:36:48'),
	(5,'Glass and Mirrors','2014-01-19 16:20:56','2014-01-19 16:20:56'),
	(6,'Nets','2014-01-20 03:40:16','2014-01-20 03:40:16'),
	(7,'Batteries','2014-01-20 04:37:38','2014-01-20 04:37:38'),
	(8,'Cements','2014-01-20 06:16:52','2014-01-20 06:16:52'),
	(9,'Wallpaper','2014-01-20 08:40:58','2014-01-20 08:40:58'),
	(10,'Hammer','2014-03-11 10:00:12','2014-03-11 10:00:12'),
	(11,'Thinners','2014-03-12 07:34:19','2014-03-12 07:34:19'),
	(12,'Bulbs','2014-03-16 13:03:36','2014-03-16 13:03:36'),
	(13,'Default','2014-03-17 10:45:16','2014-03-17 10:45:16'),
	(14,'Drills','2014-03-17 10:45:32','2014-03-17 10:45:32');

/*!40000 ALTER TABLE `categories` ENABLE KEYS */;
UNLOCK TABLES;


# Dump of table customers
# ------------------------------------------------------------

DROP TABLE IF EXISTS `customers`;

CREATE TABLE `customers` (
  `id` int(10) unsigned NOT NULL AUTO_INCREMENT,
  `name` varchar(200) COLLATE utf32_unicode_ci NOT NULL,
  `address` varchar(200) COLLATE utf32_unicode_ci NOT NULL,
  `phone` varchar(12) COLLATE utf32_unicode_ci DEFAULT NULL,
  `owed` decimal(10,2) NOT NULL DEFAULT '0.00',
  `created_at` datetime NOT NULL,
  `updated_at` datetime NOT NULL,
  PRIMARY KEY (`id`)
) ENGINE=InnoDB DEFAULT CHARSET=utf32 COLLATE=utf32_unicode_ci;

LOCK TABLES `customers` WRITE;
/*!40000 ALTER TABLE `customers` DISABLE KEYS */;

INSERT INTO `customers` (`id`, `name`, `address`, `phone`, `owed`, `created_at`, `updated_at`)
VALUES
	(1,'CASH','cash','0000000000',1439.00,'2014-01-19 18:03:33','2014-02-10 12:06:45'),
	(2,'Mangzalian Suante','Churachandpur','8983948392',2604.00,'2014-01-17 15:21:02','2014-01-17 15:21:02'),
	(3,'Remtluangi','Chennai','98783949',4927.00,'2014-01-17 15:25:03','2014-01-17 15:25:03'),
	(4,'Mawitea','Durtlang','9829834829',340000.00,'2014-01-17 15:30:57','2014-01-21 05:57:04'),
	(6,'Denise','Khatla','8765782933',6000.00,'2014-01-17 15:31:27','2014-03-04 13:43:05'),
	(7,'Hmangaiha','Leitan','9827384923',1900.00,'2014-01-17 15:31:39','2014-01-28 07:42:11'),
	(8,'Damhauha','Upper Kanan','1928374628',1023.00,'2014-01-17 15:31:54','2014-01-17 15:31:54'),
	(9,'Thanhliri','Vaivakawn','8728378199',0.00,'2014-01-17 15:32:45','2014-01-17 15:32:45'),
	(10,'Mangchhuana','Dampa','9836478293',1458.44,'2014-01-17 15:32:58','2014-01-21 05:57:40'),
	(11,'Robert Romawia','ATC','8722662738',228.00,'2014-01-17 15:33:10','2014-01-17 15:33:10'),
	(12,'Jonathan K Ralte','Kawrthindeng, Samuang Road','0388-2837467',20001.00,'2014-01-19 12:34:53','2014-03-04 13:10:06'),
	(13,'Zorempuia Chuahuang','Chaltlang slum area','9872837494',2040.00,'2014-01-19 16:43:56','2014-01-27 08:05:57'),
	(14,'Lalrinthanga Hauhnar','Durtlang','9465658277',0.00,'2014-01-17 15:09:18','2014-01-17 15:09:18'),
	(15,'Gosa Ramdinmawia','Chawnpui','9889283749',1200.00,'2014-01-20 04:37:05','2014-03-17 10:51:01');

/*!40000 ALTER TABLE `customers` ENABLE KEYS */;
UNLOCK TABLES;


# Dump of table dailypurchases
# ------------------------------------------------------------

DROP TABLE IF EXISTS `dailypurchases`;

CREATE TABLE `dailypurchases` (
  `id` int(10) unsigned NOT NULL AUTO_INCREMENT,
  `item_name` text COLLATE utf32_unicode_ci NOT NULL,
  `brand` text COLLATE utf32_unicode_ci,
  `category_id` int(11) DEFAULT NULL,
  `item_qty` int(11) NOT NULL,
  `item_rate` decimal(9,2) NOT NULL,
  `total_paid` decimal(10,2) NOT NULL,
  `total_credit` decimal(10,2) NOT NULL,
  `total_cost` decimal(10,2) NOT NULL,
  `supplier_name` text COLLATE utf32_unicode_ci NOT NULL,
  `purchase_date` datetime NOT NULL,
  `created_at` datetime NOT NULL,
  `updated_at` datetime NOT NULL,
  PRIMARY KEY (`id`)
) ENGINE=InnoDB DEFAULT CHARSET=utf32 COLLATE=utf32_unicode_ci;

LOCK TABLES `dailypurchases` WRITE;
/*!40000 ALTER TABLE `dailypurchases` DISABLE KEYS */;

INSERT INTO `dailypurchases` (`id`, `item_name`, `brand`, `category_id`, `item_qty`, `item_rate`, `total_paid`, `total_credit`, `total_cost`, `supplier_name`, `purchase_date`, `created_at`, `updated_at`)
VALUES
	(1,'Red paint 1 ltrs',NULL,NULL,100,23.00,2300.00,0.00,2300.00,'Zakamlova Hardware Store','2014-02-25 00:00:00','2014-02-25 00:00:00','2014-02-25 00:00:00'),
	(2,'Mirror 3x3',NULL,NULL,20,100.00,1000.00,1000.00,2000.00,'Aizawl Glass House','2014-02-25 00:00:00','2014-02-25 00:00:00','2014-02-25 00:00:00'),
	(4,'One way mirror 6x4',NULL,NULL,10,1000.00,5000.00,5000.00,10000.00,'Ding Ding Glass Works','2014-03-04 00:00:00','2014-03-04 10:28:12','2014-03-04 10:28:12'),
	(5,'Hammer 5kg',NULL,NULL,10,202.33,1000.00,1023.30,2023.30,'Zakamlova Hardware Store','2014-03-11 00:00:00','2014-03-11 10:09:26','2014-03-11 10:09:26'),
	(6,'Thinner 1 ltr',NULL,NULL,12,110.00,1100.00,220.00,1320.00,'Aizawl Paint House','2014-03-12 00:00:00','2014-03-12 07:35:05','2014-03-12 07:35:05'),
	(7,'Thinner 0.5 ltrs',NULL,NULL,12,60.00,720.00,0.00,720.00,'Aizawl Paint House','2014-03-12 00:00:00','2014-03-12 07:36:29','2014-03-12 07:36:29'),
	(8,'CFL 60w','Philips',12,10,132.00,1300.00,20.00,1320.00,'Bawngkawn Hardware Depot','2014-03-16 00:00:00','2014-03-16 13:05:29','2014-03-16 13:05:29'),
	(9,'Red paint 1 ltrs','British Paints',1,5,320.00,1100.00,500.00,1600.00,'Zakamlova Hardware Store','2014-03-16 00:00:00','2014-03-16 13:53:48','2014-03-16 13:53:48'),
	(10,'Duraply 80mm','Duraply',11,30,2100.00,60000.00,3000.00,63000.00,'Zakamlova Hardware Store','2014-03-16 00:00:00','2014-03-16 14:27:38','2014-03-16 14:27:38'),
	(11,'Mirror 6x2','Nilkamal',6,4,310.00,1200.00,40.00,1240.00,'Zakamlova Hardware Store','2014-03-16 00:00:00','2014-03-16 14:37:35','2014-03-16 14:37:35'),
	(12,'Duraply 80mm','Duraply',4,1,2200.00,2000.00,200.00,2200.00,'Zakamlova Hardware Store','2014-03-16 00:00:00','2014-03-16 14:50:47','2014-03-16 14:50:47'),
	(13,'Wallpaper floral','Godiva Wallpapers',9,2,1320.00,2000.00,640.00,2640.00,'Zakamlova Hardware Store','2014-03-16 00:00:00','2014-03-16 14:58:15','2014-03-16 14:58:15'),
	(14,'Stained Glass 6x3','Kohinoor',5,4,350.00,1000.00,400.00,1400.00,'Ding Ding Glass Works','2014-03-16 00:00:00','2014-03-16 15:08:22','2014-03-16 15:08:22'),
	(15,'Yoca Drill','Yoca',14,10,1500.00,10000.00,5000.00,15000.00,'Zakamlova Hardware Store','2014-03-17 00:00:00','2014-03-17 10:46:35','2014-03-17 10:46:35'),
	(16,'Red paint 1 ltrs','British Paints',1,5,330.00,1650.00,0.00,1650.00,'Aizawl Paint House','2014-03-17 00:00:00','2014-03-17 11:22:16','2014-03-17 11:22:16'),
	(19,'Credit Discount','Dagal',0,1,0.00,4487.00,0.00,4487.00,'Dagal','2014-03-17 00:00:00','2014-03-17 16:00:43','2014-03-17 16:00:43');

/*!40000 ALTER TABLE `dailypurchases` ENABLE KEYS */;
UNLOCK TABLES;


# Dump of table dailysales
# ------------------------------------------------------------

DROP TABLE IF EXISTS `dailysales`;

CREATE TABLE `dailysales` (
  `id` int(10) NOT NULL AUTO_INCREMENT,
  `item_name` text COLLATE utf32_unicode_ci NOT NULL,
  `quantity` int(11) NOT NULL,
  `cp` decimal(10,2) DEFAULT '0.00',
  `sp` decimal(10,2) DEFAULT '0.00',
  `repayment` tinyint(1) DEFAULT '0',
  `sale_date` date NOT NULL,
  `created_at` datetime NOT NULL,
  `updated_at` datetime NOT NULL,
  PRIMARY KEY (`id`)
) ENGINE=InnoDB DEFAULT CHARSET=utf32 COLLATE=utf32_unicode_ci;

LOCK TABLES `dailysales` WRITE;
/*!40000 ALTER TABLE `dailysales` DISABLE KEYS */;

INSERT INTO `dailysales` (`id`, `item_name`, `quantity`, `cp`, `sp`, `repayment`, `sale_date`, `created_at`, `updated_at`)
VALUES
	(1,'Duraply 80mm',10,0.00,1000.00,0,'2014-02-25','2014-02-25 00:00:00','2014-02-25 00:00:00'),
	(2,'Red Paint 1 ltrs',20,0.00,2000.00,0,'2014-02-25','2014-02-25 00:00:00','2014-02-25 00:00:00'),
	(3,'Plastic net 5mtrs',12,0.00,1200.00,0,'2014-02-25','2014-02-25 00:00:00','2014-02-25 00:00:00'),
	(4,'Plastic net 5mtrs',13,0.00,1300.00,0,'2014-02-25','2014-02-25 00:00:00','2014-02-25 00:00:00'),
	(5,'Red Paint 1 ltrs',11,0.00,1100.00,0,'2014-02-25','2014-02-25 00:00:00','2014-02-25 00:00:00'),
	(6,'Red Paint 1ltrs',10,1700.00,300.00,0,'2014-02-25','2014-02-25 00:00:00','2014-02-25 00:00:00'),
	(21,'Red paint 1 ltrs',5,1500.00,1750.00,0,'2014-03-12','2014-03-12 06:54:45','2014-03-12 06:54:45'),
	(22,'White Distemper 1 liter',4,808.00,1000.00,0,'2014-03-12','2014-03-12 06:54:45','2014-03-12 06:54:45'),
	(23,'Plastic net 5mts',3,3000.00,3600.00,0,'2014-03-12','2014-03-12 06:54:45','2014-03-12 06:54:45'),
	(24,'Battery 9 V',2,20.00,24.00,0,'2014-03-12','2014-03-12 06:54:45','2014-03-12 06:54:45'),
	(25,'Duraply 80mm',1,2000.00,2500.00,0,'2014-03-12','2014-03-12 06:54:45','2014-03-12 06:54:45'),
	(30,'Wallpaper floral',1,1300.00,1400.00,0,'2014-03-12','2014-03-12 07:56:23','2014-03-12 07:56:23'),
	(31,'Stained Glass 6x3',4,1400.00,1600.00,0,'2014-03-12','2014-03-12 07:59:02','2014-03-12 07:59:02'),
	(32,'Wallpaper floral',3,3900.00,4200.00,0,'2014-03-12','2014-03-12 08:17:12','2014-03-12 08:17:12'),
	(33,'Battery 9 V',2,20.00,24.00,0,'2014-03-12','2014-03-12 08:17:53','2014-03-12 08:17:53'),
	(34,'Duraply 80mm',1,2000.00,2500.00,0,'2014-03-12','2014-03-12 08:17:53','2014-03-12 08:17:53'),
	(35,'Stained Glass 6x3',3,1050.00,1200.00,0,'2014-03-16','2014-03-16 15:13:10','2014-03-16 15:13:10'),
	(36,'Stained Glass 6x3',2,700.00,800.00,0,'2014-03-16','2014-03-16 15:21:25','2014-03-16 15:21:25'),
	(37,'Stained Glass 6x3',3,1050.00,1200.00,0,'2014-03-16','2014-03-16 15:22:05','2014-03-16 15:22:05'),
	(38,'Stained Glass 6x3',3,1050.00,1200.00,0,'2014-03-16','2014-03-16 15:22:50','2014-03-16 15:22:50'),
	(39,'Stained Glass 6x3',3,1050.00,1200.00,0,'2014-03-16','2014-03-16 15:23:30','2014-03-16 15:23:30'),
	(40,'White Distemper 1 liter',3,606.00,750.00,0,'2014-03-16','2014-03-16 15:23:47','2014-03-16 15:23:47'),
	(41,'White Distemper 1 liter',3,606.00,750.00,0,'2014-03-16','2014-03-16 15:24:39','2014-03-16 15:24:39'),
	(42,'Duraply 80mm',3,6600.00,7350.00,0,'2014-03-16','2014-03-16 15:24:50','2014-03-16 15:24:50'),
	(43,'Stained Glass 6x3',2,700.00,800.00,0,'2014-03-16','2014-03-16 15:30:29','2014-03-16 15:30:29'),
	(44,'White Distemper 1 liter',1,202.00,250.00,0,'2014-03-16','2014-03-16 15:33:04','2014-03-16 15:33:04'),
	(45,'Hammer 5kg',3,606.99,900.00,0,'2014-03-16','2014-03-16 15:33:04','2014-03-16 15:33:04'),
	(46,'Stained Glass 6x3',1,350.00,400.00,0,'2014-03-16','2014-03-16 15:33:04','2014-03-16 15:33:04'),
	(47,'Mirror 6x2',1,310.00,350.00,0,'2014-03-16','2014-03-16 15:40:51','2014-03-16 15:40:51'),
	(48,'Wallpaper floral',2,2640.00,2800.00,0,'2014-03-16','2014-03-16 15:40:51','2014-03-16 15:40:51'),
	(49,'CFL 60w',3,396.00,450.00,0,'2014-03-16','2014-03-16 16:51:52','2014-03-16 16:51:52'),
	(50,'Stained Glass 6x3',2,700.00,800.00,0,'2014-03-16','2014-03-16 16:53:09','2014-03-16 16:53:09'),
	(51,'Duraply 80mm',2,4400.00,4900.00,0,'2014-03-16','2014-03-16 16:58:12','2014-03-16 16:58:12'),
	(52,'Duraply 80mm',2,4400.00,4900.00,0,'2014-03-16','2014-03-16 16:59:30','2014-03-16 16:59:30'),
	(53,'Duraply 80mm',2,4400.00,4900.00,0,'2014-03-16','2014-03-16 16:59:32','2014-03-16 16:59:32'),
	(54,'Black Paint 1 liter',2,400.00,500.00,0,'2014-03-16','2014-03-16 17:00:06','2014-03-16 17:00:06'),
	(59,'Battery 9 V',2,20.00,24.00,0,'2014-03-16','2014-03-16 17:02:04','2014-03-16 17:02:04'),
	(60,'Red paint 1 ltrs',2,640.00,700.00,0,'2014-03-16','2014-03-16 17:03:09','2014-03-16 17:03:09'),
	(61,'Red paint 1 ltrs',2,640.00,700.00,0,'2014-03-16','2014-03-16 17:03:25','2014-03-16 17:03:25'),
	(62,'CFL 60w',1,132.00,150.00,0,'2014-03-16','2014-03-16 17:34:16','2014-03-16 17:34:16'),
	(63,'Duraply 80mm',3,6600.00,7350.00,0,'2014-03-16','2014-03-16 17:35:36','2014-03-16 17:35:36'),
	(64,'Duraply 80mm',3,6600.00,7350.00,0,'2014-03-16','2014-03-16 17:36:39','2014-03-16 17:36:39'),
	(65,'Duraply 80mm',3,6600.00,7350.00,0,'2014-03-16','2014-03-16 17:36:53','2014-03-16 17:36:53'),
	(66,'Duraply 80mm',3,6600.00,7350.00,0,'2014-03-16','2014-03-16 17:37:54','2014-03-16 17:37:54'),
	(67,'Duraply 80mm',3,6600.00,7350.00,0,'2014-03-16','2014-03-16 17:38:14','2014-03-16 17:38:14'),
	(68,'Duraply 80mm',3,6600.00,7350.00,0,'2014-03-16','2014-03-16 17:38:26','2014-03-16 17:38:26'),
	(69,'Duraply 80mm',3,6600.00,7350.00,0,'2014-03-16','2014-03-16 17:38:47','2014-03-16 17:38:47'),
	(70,'Duraply 80mm',3,6600.00,7350.00,0,'2014-03-16','2014-03-16 17:39:40','2014-03-16 17:39:40'),
	(71,'Duraply 80mm',1,2200.00,2450.00,0,'2014-03-16','2014-03-16 17:39:55','2014-03-16 17:39:55'),
	(72,'Duraply 80mm',1,2200.00,2450.00,0,'2014-03-16','2014-03-16 17:41:51','2014-03-16 17:41:51'),
	(73,'Duraply 80mm',1,2200.00,2450.00,0,'2014-03-16','2014-03-16 17:42:01','2014-03-16 17:42:01'),
	(74,'Duraply 80mm',1,2200.00,2450.00,0,'2014-03-16','2014-03-16 17:42:58','2014-03-16 17:42:58'),
	(75,'Duraply 80mm',1,2200.00,2450.00,0,'2014-03-16','2014-03-16 17:43:53','2014-03-16 17:43:53'),
	(76,'Plastic net 5mts',1,1000.00,1200.00,0,'2014-03-16','2014-03-16 17:44:33','2014-03-16 17:44:33'),
	(77,'Plastic net 5mts',1,1000.00,1200.00,0,'2014-03-16','2014-03-16 17:45:11','2014-03-16 17:45:11'),
	(78,'Duraply 80mm',1,2200.00,2450.00,0,'2014-03-16','2014-03-16 17:46:43','2014-03-16 17:46:43'),
	(79,'Duraply 80mm',1,2200.00,2450.00,0,'2014-03-16','2014-03-16 17:49:37','2014-03-16 17:49:37'),
	(80,'Plastic net 5mts',1,1000.00,1200.00,0,'2014-03-16','2014-03-16 17:50:17','2014-03-16 17:50:17'),
	(81,'Duraply 80mm',1,2200.00,2450.00,0,'2014-03-16','2014-03-16 17:52:05','2014-03-16 17:52:05'),
	(82,'Duraply 80mm',1,2200.00,2450.00,0,'2014-03-16','2014-03-16 17:56:19','2014-03-16 17:56:19'),
	(83,'Duraply 80mm',1,2200.00,2450.00,0,'2014-03-16','2014-03-16 18:02:41','2014-03-16 18:02:41'),
	(84,'Duraply 80mm',1,2200.00,2450.00,0,'2014-03-16','2014-03-16 18:03:35','2014-03-16 18:03:35'),
	(85,'Duraply 80mm',1,2200.00,2450.00,0,'2014-03-16','2014-03-16 18:04:18','2014-03-16 18:04:18'),
	(86,'Duraply 80mm',1,2200.00,2450.00,0,'2014-03-16','2014-03-16 18:07:56','2014-03-16 18:07:56'),
	(87,'Wallpaper floral',3,3960.00,4200.00,0,'2014-03-16','2014-03-16 21:04:48','2014-03-16 21:04:48'),
	(88,'Battery 9 V',2,20.00,24.00,0,'2014-03-17','2014-03-17 10:49:19','2014-03-17 10:49:19'),
	(89,'Yoca Drill',2,3000.00,3200.00,0,'2014-03-17','2014-03-17 10:49:19','2014-03-17 10:49:19'),
	(90,'Stained Glass 6x3',1,350.00,400.00,0,'2014-03-17','2014-03-17 16:09:08','2014-03-17 16:09:08');

/*!40000 ALTER TABLE `dailysales` ENABLE KEYS */;
UNLOCK TABLES;


# Dump of table laravel_migrations
# ------------------------------------------------------------

DROP TABLE IF EXISTS `laravel_migrations`;

CREATE TABLE `laravel_migrations` (
  `bundle` varchar(50) COLLATE utf32_unicode_ci NOT NULL,
  `name` varchar(200) COLLATE utf32_unicode_ci NOT NULL,
  `batch` int(11) NOT NULL
) ENGINE=InnoDB DEFAULT CHARSET=utf32 COLLATE=utf32_unicode_ci;

LOCK TABLES `laravel_migrations` WRITE;
/*!40000 ALTER TABLE `laravel_migrations` DISABLE KEYS */;

INSERT INTO `laravel_migrations` (`bundle`, `name`, `batch`)
VALUES
	('application','2014_01_17_115220_create_users_table',1),
	('application','2014_01_17_121737_create_customers_table',2),
	('application','2014_01_17_150707_change_phonenumber_to_bigint_on_customers_table',3),
	('application','2014_01_18_181952_create_categories_table',3),
	('application','2014_01_18_183546_add_timestamps_to_categories_table',4),
	('application','2014_01_18_190235_make_category_name_unique_on_categories_table',5),
	('application','2014_01_19_122443_add_credit_and_debit_amount_to_suppliers_table',6),
	('application','2014_01_19_145554_create_stocks_table',7),
	('application','2014_01_02_101820_create_dailypurchases_table',8);

/*!40000 ALTER TABLE `laravel_migrations` ENABLE KEYS */;
UNLOCK TABLES;


# Dump of table sales
# ------------------------------------------------------------

DROP TABLE IF EXISTS `sales`;

CREATE TABLE `sales` (
  `id` int(10) unsigned NOT NULL AUTO_INCREMENT,
  `customer_id` int(10) unsigned NOT NULL,
  `customer_name` text COLLATE utf32_unicode_ci,
  `item1` text COLLATE utf32_unicode_ci,
  `item1_qty` int(11) DEFAULT '0',
  `item1_rate` decimal(10,2) DEFAULT '0.00',
  `item2` text COLLATE utf32_unicode_ci,
  `item2_qty` int(11) DEFAULT '0',
  `item2_rate` decimal(10,2) DEFAULT '0.00',
  `item3` text COLLATE utf32_unicode_ci,
  `item3_qty` int(11) DEFAULT '0',
  `item3_rate` decimal(10,2) DEFAULT '0.00',
  `item4` text COLLATE utf32_unicode_ci,
  `item4_qty` int(11) DEFAULT '0',
  `item4_rate` decimal(10,2) DEFAULT '0.00',
  `item5` text COLLATE utf32_unicode_ci,
  `item5_qty` int(11) DEFAULT '0',
  `item5_rate` decimal(10,2) DEFAULT '0.00',
  `item6` text COLLATE utf32_unicode_ci,
  `item6_qty` int(11) DEFAULT '0',
  `item6_rate` decimal(10,2) DEFAULT '0.00',
  `item7` text COLLATE utf32_unicode_ci,
  `item7_qty` int(11) DEFAULT '0',
  `item7_rate` decimal(10,2) DEFAULT '0.00',
  `item8` text COLLATE utf32_unicode_ci,
  `item8_qty` int(11) DEFAULT '0',
  `item8_rate` decimal(10,2) DEFAULT '0.00',
  `item9` text COLLATE utf32_unicode_ci,
  `item9_qty` int(11) DEFAULT '0',
  `item9_rate` decimal(10,2) DEFAULT '0.00',
  `item10` text COLLATE utf32_unicode_ci,
  `item10_qty` int(11) DEFAULT '0',
  `item10_rate` decimal(10,2) DEFAULT '0.00',
  `item11` text COLLATE utf32_unicode_ci,
  `item11_qty` int(11) DEFAULT '0',
  `item11_rate` decimal(10,2) DEFAULT '0.00',
  `item12` text COLLATE utf32_unicode_ci,
  `item12_qty` int(11) DEFAULT '0',
  `item12_rate` decimal(10,2) DEFAULT '0.00',
  `item13` text COLLATE utf32_unicode_ci,
  `item13_qty` int(11) DEFAULT '0',
  `item13_rate` decimal(10,2) DEFAULT '0.00',
  `item14` text COLLATE utf32_unicode_ci,
  `item14_qty` int(11) DEFAULT '0',
  `item14_rate` decimal(10,2) DEFAULT '0.00',
  `item15` text COLLATE utf32_unicode_ci,
  `item15_qty` int(11) DEFAULT '0',
  `item15_rate` decimal(10,2) DEFAULT '0.00',
  `item16` text COLLATE utf32_unicode_ci,
  `item16_qty` int(11) DEFAULT '0',
  `item16_rate` decimal(10,2) DEFAULT '0.00',
  `item17` text COLLATE utf32_unicode_ci,
  `item17_qty` int(11) DEFAULT '0',
  `item17_rate` decimal(10,2) DEFAULT '0.00',
  `item18` text COLLATE utf32_unicode_ci,
  `item18_qty` int(11) DEFAULT '0',
  `item18_rate` decimal(10,2) DEFAULT '0.00',
  `item19` text COLLATE utf32_unicode_ci,
  `item19_qty` int(11) DEFAULT '0',
  `item19_rate` decimal(10,2) DEFAULT '0.00',
  `item20` text COLLATE utf32_unicode_ci,
  `item20_qty` int(11) DEFAULT '0',
  `item20_rate` decimal(10,2) DEFAULT '0.00',
  `item21` text COLLATE utf32_unicode_ci,
  `item21_qty` int(11) DEFAULT '0',
  `item21_rate` decimal(10,2) DEFAULT '0.00',
  `total_cost` decimal(10,2) DEFAULT '0.00',
  `total_paid` decimal(10,2) DEFAULT '0.00',
  `discount` decimal(10,2) DEFAULT '0.00',
  `credit` decimal(10,2) DEFAULT '0.00',
  `created_at` datetime NOT NULL,
  `updated_at` datetime NOT NULL,
  PRIMARY KEY (`id`),
  KEY `customer_id` (`customer_id`),
  CONSTRAINT `sales_ibfk_1` FOREIGN KEY (`customer_id`) REFERENCES `customers` (`id`)
) ENGINE=InnoDB DEFAULT CHARSET=utf32 COLLATE=utf32_unicode_ci;

LOCK TABLES `sales` WRITE;
/*!40000 ALTER TABLE `sales` DISABLE KEYS */;

INSERT INTO `sales` (`id`, `customer_id`, `customer_name`, `item1`, `item1_qty`, `item1_rate`, `item2`, `item2_qty`, `item2_rate`, `item3`, `item3_qty`, `item3_rate`, `item4`, `item4_qty`, `item4_rate`, `item5`, `item5_qty`, `item5_rate`, `item6`, `item6_qty`, `item6_rate`, `item7`, `item7_qty`, `item7_rate`, `item8`, `item8_qty`, `item8_rate`, `item9`, `item9_qty`, `item9_rate`, `item10`, `item10_qty`, `item10_rate`, `item11`, `item11_qty`, `item11_rate`, `item12`, `item12_qty`, `item12_rate`, `item13`, `item13_qty`, `item13_rate`, `item14`, `item14_qty`, `item14_rate`, `item15`, `item15_qty`, `item15_rate`, `item16`, `item16_qty`, `item16_rate`, `item17`, `item17_qty`, `item17_rate`, `item18`, `item18_qty`, `item18_rate`, `item19`, `item19_qty`, `item19_rate`, `item20`, `item20_qty`, `item20_rate`, `item21`, `item21_qty`, `item21_rate`, `total_cost`, `total_paid`, `discount`, `credit`, `created_at`, `updated_at`)
VALUES
	(1,2,'Mangzalian Suante','Duraply 80mm',10,100.00,'Black Paint 1 liter',10,10.00,'0',0,0.00,'0',0,0.00,'0',0,0.00,'0',0,0.00,'0',0,0.00,'0',0,0.00,'0',0,0.00,'0',0,0.00,'0',0,0.00,'0',0,0.00,'0',0,0.00,'0',0,0.00,'0',0,0.00,'0',0,0.00,'0',0,0.00,'0',0,0.00,'0',0,0.00,'0',0,0.00,'0',0,0.00,1100.00,0.00,0.00,0.00,'2014-01-27 13:28:33','2014-01-27 13:28:33'),
	(2,7,'Denise','Duraply 80mm',10,100.00,'0',0,0.00,'0',0,0.00,'0',0,0.00,'0',0,0.00,'0',0,0.00,'0',0,0.00,'0',0,0.00,'0',0,0.00,'0',0,0.00,'0',0,0.00,'0',0,0.00,'0',0,0.00,'0',0,0.00,'0',0,0.00,'0',0,0.00,'0',0,0.00,'0',0,0.00,'0',0,0.00,'0',0,0.00,'0',0,0.00,990.00,990.00,0.00,10.00,'2014-01-28 07:41:07','2014-01-28 07:41:07'),
	(3,7,'Mawitea','Plastic net 5mts',10,200.00,'0',0,0.00,'0',0,0.00,'0',0,0.00,'0',0,0.00,'0',0,0.00,'0',0,0.00,'0',0,0.00,'0',0,0.00,'0',0,0.00,'0',0,0.00,'0',0,0.00,'0',0,0.00,'0',0,0.00,'0',0,0.00,'0',0,0.00,'0',0,0.00,'0',0,0.00,'0',0,0.00,'0',0,0.00,'0',0,0.00,2000.00,1980.00,0.00,20.00,'2014-01-28 07:42:11','2014-01-28 07:42:11'),
	(4,6,'Denise','Black Paint 1 liter',21,100.00,'0',0,0.00,'0',0,0.00,'0',0,0.00,'0',0,0.00,'0',0,0.00,'0',0,0.00,'0',0,0.00,'0',0,0.00,'0',0,0.00,'0',0,0.00,'0',0,0.00,'0',0,0.00,'0',0,0.00,'0',0,0.00,'0',0,0.00,'0',0,0.00,'0',0,0.00,'0',0,0.00,'0',0,0.00,'0',0,0.00,2100.00,1100.00,0.00,1000.00,'2014-02-01 10:21:00','2014-02-01 10:21:00'),
	(5,15,'Gosa Ramdinmawia','Black Paint 1 liter',10,100.00,'Stained Glass 6x3',2,400.00,'Wallpaper floral',1,1000.00,'0',0,0.00,'0',0,0.00,'0',0,0.00,'0',0,0.00,'0',0,0.00,'0',0,0.00,'0',0,0.00,'0',0,0.00,'0',0,0.00,'0',0,0.00,'0',0,0.00,'0',0,0.00,'0',0,0.00,'0',0,0.00,'0',0,0.00,'0',0,0.00,'0',0,0.00,'0',0,0.00,2800.00,1000.00,100.00,1700.00,'2014-02-09 11:46:07','2014-02-09 11:46:07'),
	(6,15,'Gosa Ramdinmawia','Plastic net 5mts',5,100.00,'0',0,0.00,'0',0,0.00,'0',0,0.00,'0',0,0.00,'0',0,0.00,'0',0,0.00,'0',0,0.00,'0',0,0.00,'0',0,0.00,'0',0,0.00,'0',0,0.00,'0',0,0.00,'0',0,0.00,'0',0,0.00,'0',0,0.00,'0',0,0.00,'0',0,0.00,'0',0,0.00,'0',0,0.00,'0',0,0.00,500.00,500.00,0.00,0.00,'2014-02-09 13:08:50','2014-02-09 13:08:50'),
	(7,15,'Gosa Ramdinmawia','Plastic net 5mts',6,100.00,'0',0,0.00,'0',0,0.00,'0',0,0.00,'0',0,0.00,'0',0,0.00,'0',0,0.00,'0',0,0.00,'0',0,0.00,'0',0,0.00,'0',0,0.00,'0',0,0.00,'0',0,0.00,'0',0,0.00,'0',0,0.00,'0',0,0.00,'0',0,0.00,'0',0,0.00,'0',0,0.00,'0',0,0.00,'0',0,0.00,600.00,600.00,0.00,0.00,'2014-02-09 13:12:22','2014-02-09 13:12:22'),
	(8,3,'Remtluangi','Plastic net 5mts',5,100.00,'0',0,0.00,'0',0,0.00,'0',0,0.00,'0',0,0.00,'0',0,0.00,'0',0,0.00,'0',0,0.00,'0',0,0.00,'0',0,0.00,'0',0,0.00,'0',0,0.00,'0',0,0.00,'0',0,0.00,'0',0,0.00,'0',0,0.00,'0',0,0.00,'0',0,0.00,'0',0,0.00,'0',0,0.00,'0',0,0.00,500.00,500.00,0.00,0.00,'2014-02-09 13:14:29','2014-02-09 13:14:29'),
	(9,2,'Mangzalian Suante','Battery 9 V',10,10.00,'0',0,0.00,'0',0,0.00,'0',0,0.00,'0',0,0.00,'0',0,0.00,'0',0,0.00,'0',0,0.00,'0',0,0.00,'0',0,0.00,'0',0,0.00,'0',0,0.00,'0',0,0.00,'0',0,0.00,'0',0,0.00,'0',0,0.00,'0',0,0.00,'0',0,0.00,'0',0,0.00,'0',0,0.00,'0',0,0.00,100.00,100.00,0.00,0.00,'2014-02-09 13:25:57','2014-02-09 13:25:57'),
	(10,1,'CASH','Battery 9 V',5,100.00,'0',0,0.00,'0',0,0.00,'0',0,0.00,'0',0,0.00,'0',0,0.00,'0',0,0.00,'0',0,0.00,'0',0,0.00,'0',0,0.00,'0',0,0.00,'0',0,0.00,'0',0,0.00,'0',0,0.00,'0',0,0.00,'0',0,0.00,'0',0,0.00,'0',0,0.00,'0',0,0.00,'0',0,0.00,'0',0,0.00,500.00,400.00,0.00,100.00,'2014-02-10 12:06:45','2014-02-10 12:06:45'),
	(11,12,'Jonathan K Ralte','Mirror 6x2',10,140.00,'0',0,0.00,'0',0,0.00,'0',0,0.00,'0',0,0.00,'0',0,0.00,'0',0,0.00,'0',0,0.00,'0',0,0.00,'0',0,0.00,'0',0,0.00,'0',0,0.00,'0',0,0.00,'0',0,0.00,'0',0,0.00,'0',0,0.00,'0',0,0.00,'0',0,0.00,'0',0,0.00,'0',0,0.00,'0',0,0.00,1400.00,400.00,0.00,1000.00,'2014-03-04 13:10:06','2014-03-04 13:10:06'),
	(12,6,'Denise','Duraply 80mm',10,3000.00,'0',0,0.00,'0',0,0.00,'0',0,0.00,'0',0,0.00,'0',0,0.00,'0',0,0.00,'0',0,0.00,'0',0,0.00,'0',0,0.00,'0',0,0.00,'0',0,0.00,'0',0,0.00,'0',0,0.00,'0',0,0.00,'0',0,0.00,'0',0,0.00,'0',0,0.00,'0',0,0.00,'0',0,0.00,'0',0,0.00,30000.00,25000.00,0.00,5000.00,'2014-03-04 13:43:05','2014-03-04 13:43:05'),
	(13,4,'Mawitea','Stained Glass 6x3',1,10.00,'0',0,0.00,'0',0,0.00,'0',0,0.00,'0',0,0.00,'0',0,0.00,'0',0,0.00,'0',0,0.00,'0',0,0.00,'0',0,0.00,'0',0,0.00,'0',0,0.00,'0',0,0.00,'0',0,0.00,'0',0,0.00,'0',0,0.00,'0',0,0.00,'0',0,0.00,'0',0,0.00,'0',0,0.00,'0',0,0.00,10.00,10.00,0.00,0.00,'2014-03-04 13:44:59','2014-03-04 13:44:59'),
	(14,1,'CASH','White Distemper 1 liter',1,1.00,'0',0,0.00,'0',0,0.00,'0',0,0.00,'0',0,0.00,'0',0,0.00,'0',0,0.00,'0',0,0.00,'0',0,0.00,'0',0,0.00,'0',0,0.00,'0',0,0.00,'0',0,0.00,'0',0,0.00,'0',0,0.00,'0',0,0.00,'0',0,0.00,'0',0,0.00,'0',0,0.00,'0',0,0.00,'0',0,0.00,1.00,1.00,0.00,0.00,'2014-03-04 14:06:47','2014-03-04 14:06:47'),
	(15,2,'Mangzalian Suante','Plastic net 5mts',1,1.00,'0',0,0.00,'0',0,0.00,'0',0,0.00,'0',0,0.00,'0',0,0.00,'0',0,0.00,'0',0,0.00,'0',0,0.00,'0',0,0.00,'0',0,0.00,'0',0,0.00,'0',0,0.00,'0',0,0.00,'0',0,0.00,'0',0,0.00,'0',0,0.00,'0',0,0.00,'0',0,0.00,'0',0,0.00,'0',0,0.00,1.00,1.00,0.00,0.00,'2014-03-04 14:18:29','2014-03-04 14:18:29'),
	(16,2,'Mangzalian Suante','Duraply 80mm',1,1.00,'0',0,0.00,'0',0,0.00,'0',0,0.00,'0',0,0.00,'0',0,0.00,'0',0,0.00,'0',0,0.00,'0',0,0.00,'0',0,0.00,'0',0,0.00,'0',0,0.00,'0',0,0.00,'0',0,0.00,'0',0,0.00,'0',0,0.00,'0',0,0.00,'0',0,0.00,'0',0,0.00,'0',0,0.00,'0',0,0.00,1.00,1.00,0.00,0.00,'2014-03-04 14:23:05','2014-03-04 14:23:05'),
	(17,3,'Remtluangi','Duraply 80mm',1,1.00,'0',0,0.00,'0',0,0.00,'0',0,0.00,'0',0,0.00,'0',0,0.00,'0',0,0.00,'0',0,0.00,'0',0,0.00,'0',0,0.00,'0',0,0.00,'0',0,0.00,'0',0,0.00,'0',0,0.00,'0',0,0.00,'0',0,0.00,'0',0,0.00,'0',0,0.00,'0',0,0.00,'0',0,0.00,'0',0,0.00,1.00,1.00,0.00,0.00,'2014-03-04 14:30:04','2014-03-04 14:30:04'),
	(18,2,'Mangzalian Suante','Red paint 1 ltrs',1,1.00,'0',0,0.00,'0',0,0.00,'0',0,0.00,'0',0,0.00,'0',0,0.00,'0',0,0.00,'0',0,0.00,'0',0,0.00,'0',0,0.00,'0',0,0.00,'0',0,0.00,'0',0,0.00,'0',0,0.00,'0',0,0.00,'0',0,0.00,'0',0,0.00,'0',0,0.00,'0',0,0.00,'0',0,0.00,'0',0,0.00,1.00,1.00,0.00,0.00,'2014-03-04 14:31:13','2014-03-04 14:31:13'),
	(19,3,'Remtluangi','Red paint 1 ltrs',1,1.00,'0',0,0.00,'0',0,0.00,'0',0,0.00,'0',0,0.00,'0',0,0.00,'0',0,0.00,'0',0,0.00,'0',0,0.00,'0',0,0.00,'0',0,0.00,'0',0,0.00,'0',0,0.00,'0',0,0.00,'0',0,0.00,'0',0,0.00,'0',0,0.00,'0',0,0.00,'0',0,0.00,'0',0,0.00,'0',0,0.00,1.00,1.00,0.00,0.00,'2014-03-05 04:51:41','2014-03-05 04:51:41'),
	(20,2,'Mangzalian Suante','Red paint 1 ltrs',1,1.00,'0',0,0.00,'0',0,0.00,'0',0,0.00,'0',0,0.00,'0',0,0.00,'0',0,0.00,'0',0,0.00,'0',0,0.00,'0',0,0.00,'0',0,0.00,'0',0,0.00,'0',0,0.00,'0',0,0.00,'0',0,0.00,'0',0,0.00,'0',0,0.00,'0',0,0.00,'0',0,0.00,'0',0,0.00,'0',0,0.00,1.00,1.00,0.00,0.00,'2014-03-05 04:52:05','2014-03-05 04:52:05'),
	(21,1,'CASH','Red paint 1 ltrs',1,1.00,'0',0,0.00,'0',0,0.00,'0',0,0.00,'0',0,0.00,'0',0,0.00,'0',0,0.00,'0',0,0.00,'0',0,0.00,'0',0,0.00,'0',0,0.00,'0',0,0.00,'0',0,0.00,'0',0,0.00,'0',0,0.00,'0',0,0.00,'0',0,0.00,'0',0,0.00,'0',0,0.00,'0',0,0.00,'0',0,0.00,1.00,1.00,0.00,0.00,'2014-03-05 04:53:54','2014-03-05 04:53:54'),
	(22,2,'Mangzalian Suante','Duraply 80mm',1,1.00,'0',0,0.00,'0',0,0.00,'0',0,0.00,'0',0,0.00,'0',0,0.00,'0',0,0.00,'0',0,0.00,'0',0,0.00,'0',0,0.00,'0',0,0.00,'0',0,0.00,'0',0,0.00,'0',0,0.00,'0',0,0.00,'0',0,0.00,'0',0,0.00,'0',0,0.00,'0',0,0.00,'0',0,0.00,'0',0,0.00,1.00,1.00,1.00,1.00,'2014-03-05 05:19:03','2014-03-05 05:19:03'),
	(23,2,'Mangzalian Suante','Plastic net 5mts',1,1.00,'0',0,0.00,'0',0,0.00,'0',0,0.00,'0',0,0.00,'0',0,0.00,'0',0,0.00,'0',0,0.00,'0',0,0.00,'0',0,0.00,'0',0,0.00,'0',0,0.00,'0',0,0.00,'0',0,0.00,'0',0,0.00,'0',0,0.00,'0',0,0.00,'0',0,0.00,'0',0,0.00,'0',0,0.00,'0',0,0.00,1.00,1.00,1.00,1.00,'2014-03-05 05:19:56','2014-03-05 05:19:56'),
	(24,2,'Mangzalian Suante','Plastic net 5mts',1,1.00,'0',0,0.00,'0',0,0.00,'0',0,0.00,'0',0,0.00,'0',0,0.00,'0',0,0.00,'0',0,0.00,'0',0,0.00,'0',0,0.00,'0',0,0.00,'0',0,0.00,'0',0,0.00,'0',0,0.00,'0',0,0.00,'0',0,0.00,'0',0,0.00,'0',0,0.00,'0',0,0.00,'0',0,0.00,'0',0,0.00,1.00,1.00,1.00,1.00,'2014-03-05 05:20:06','2014-03-05 05:20:06'),
	(25,2,'Mangzalian Suante','Plastic net 5mts',1,1.00,'0',0,0.00,'0',0,0.00,'0',0,0.00,'0',0,0.00,'0',0,0.00,'0',0,0.00,'0',0,0.00,'0',0,0.00,'0',0,0.00,'0',0,0.00,'0',0,0.00,'0',0,0.00,'0',0,0.00,'0',0,0.00,'0',0,0.00,'0',0,0.00,'0',0,0.00,'0',0,0.00,'0',0,0.00,'0',0,0.00,1.00,1.00,1.00,1.00,'2014-03-05 05:21:15','2014-03-05 05:21:15'),
	(26,2,'Mangzalian Suante','Plastic net 5mts',1,1.00,'0',0,0.00,'0',0,0.00,'0',0,0.00,'0',0,0.00,'0',0,0.00,'0',0,0.00,'0',0,0.00,'0',0,0.00,'0',0,0.00,'0',0,0.00,'0',0,0.00,'0',0,0.00,'0',0,0.00,'0',0,0.00,'0',0,0.00,'0',0,0.00,'0',0,0.00,'0',0,0.00,'0',0,0.00,'0',0,0.00,1.00,1.00,1.00,1.00,'2014-03-05 05:21:50','2014-03-05 05:21:50'),
	(27,2,'Mangzalian Suante','Plastic net 5mts',1,1.00,'0',0,0.00,'0',0,0.00,'0',0,0.00,'0',0,0.00,'0',0,0.00,'0',0,0.00,'0',0,0.00,'0',0,0.00,'0',0,0.00,'0',0,0.00,'0',0,0.00,'0',0,0.00,'0',0,0.00,'0',0,0.00,'0',0,0.00,'0',0,0.00,'0',0,0.00,'0',0,0.00,'0',0,0.00,'0',0,0.00,1.00,1.00,1.00,1.00,'2014-03-05 05:22:01','2014-03-05 05:22:01'),
	(31,6,'Denise','Stained Glass 6x3',3,350.00,'Wallpaper floral',1,1300.00,NULL,0,0.00,NULL,0,0.00,NULL,0,0.00,NULL,0,0.00,NULL,0,0.00,NULL,0,0.00,NULL,0,0.00,NULL,0,0.00,NULL,0,0.00,NULL,0,0.00,NULL,0,0.00,NULL,0,0.00,NULL,0,0.00,NULL,0,0.00,NULL,0,0.00,NULL,0,0.00,NULL,0,0.00,NULL,0,0.00,NULL,0,0.00,2350.00,44.00,411.00,1895.00,'2014-03-11 09:28:00','2014-03-11 09:28:00'),
	(32,6,'Denise','Mirror 6x2',3,300.00,'Wallpaper floral',23,1300.00,NULL,0,0.00,NULL,0,0.00,NULL,0,0.00,NULL,0,0.00,NULL,0,0.00,NULL,0,0.00,NULL,0,0.00,NULL,0,0.00,NULL,0,0.00,NULL,0,0.00,NULL,0,0.00,NULL,0,0.00,NULL,0,0.00,NULL,0,0.00,NULL,0,0.00,NULL,0,0.00,NULL,0,0.00,NULL,0,0.00,NULL,0,0.00,30800.00,30000.00,100.00,700.00,'2014-03-11 11:01:56','2014-03-11 11:01:56'),
	(33,3,'Remtluangi','White Distemper 1 liter',2,202.00,'Duraply 80mm',4,2000.00,NULL,0,0.00,NULL,0,0.00,NULL,0,0.00,NULL,0,0.00,NULL,0,0.00,NULL,0,0.00,NULL,0,0.00,NULL,0,0.00,NULL,0,0.00,NULL,0,0.00,NULL,0,0.00,NULL,0,0.00,NULL,0,0.00,NULL,0,0.00,NULL,0,0.00,NULL,0,0.00,NULL,0,0.00,NULL,0,0.00,NULL,0,0.00,8404.00,7000.00,4.00,1400.00,'2014-03-11 11:03:42','2014-03-11 11:03:42'),
	(37,6,'Denise','Red paint 1 ltrs',5,350.00,'White Distemper 1 liter',4,250.00,'Plastic net 5mts',3,1200.00,'Battery 9 V',2,12.00,'Duraply 80mm',1,2500.00,NULL,0,0.00,NULL,0,0.00,NULL,0,0.00,NULL,0,0.00,NULL,0,0.00,NULL,0,0.00,NULL,0,0.00,NULL,0,0.00,NULL,0,0.00,NULL,0,0.00,NULL,0,0.00,NULL,0,0.00,NULL,0,0.00,NULL,0,0.00,NULL,0,0.00,NULL,0,0.00,8874.00,8000.00,4.00,870.00,'2014-03-12 06:54:45','2014-03-12 06:54:45'),
	(38,8,'Damhauha','Wallpaper floral',1,1400.00,NULL,0,0.00,NULL,0,0.00,NULL,0,0.00,NULL,0,0.00,NULL,0,0.00,NULL,0,0.00,NULL,0,0.00,NULL,0,0.00,NULL,0,0.00,NULL,0,0.00,NULL,0,0.00,NULL,0,0.00,NULL,0,0.00,NULL,0,0.00,NULL,0,0.00,NULL,0,0.00,NULL,0,0.00,NULL,0,0.00,NULL,0,0.00,NULL,0,0.00,1400.00,123.00,444.00,833.00,'2014-03-12 07:56:23','2014-03-12 07:56:23'),
	(39,2,'Mangzalian Suante','Stained Glass 6x3',4,400.00,NULL,0,0.00,NULL,0,0.00,NULL,0,0.00,NULL,0,0.00,NULL,0,0.00,NULL,0,0.00,NULL,0,0.00,NULL,0,0.00,NULL,0,0.00,NULL,0,0.00,NULL,0,0.00,NULL,0,0.00,NULL,0,0.00,NULL,0,0.00,NULL,0,0.00,NULL,0,0.00,NULL,0,0.00,NULL,0,0.00,NULL,0,0.00,NULL,0,0.00,2350.00,123.00,444.00,1783.00,'2014-03-12 07:59:02','2014-03-12 07:59:02'),
	(40,6,'Denise','Wallpaper floral',3,1400.00,NULL,0,0.00,NULL,0,0.00,NULL,0,0.00,NULL,0,0.00,NULL,0,0.00,NULL,0,0.00,NULL,0,0.00,NULL,0,0.00,NULL,0,0.00,NULL,0,0.00,NULL,0,0.00,NULL,0,0.00,NULL,0,0.00,NULL,0,0.00,NULL,0,0.00,NULL,0,0.00,NULL,0,0.00,NULL,0,0.00,NULL,0,0.00,NULL,0,0.00,4200.00,444.00,0.00,3756.00,'2014-03-12 08:17:13','2014-03-12 08:17:13'),
	(41,3,'Remtluangi','Battery 9 V',2,12.00,'Duraply 80mm',1,2500.00,NULL,0,0.00,NULL,0,0.00,NULL,0,0.00,NULL,0,0.00,NULL,0,0.00,NULL,0,0.00,NULL,0,0.00,NULL,0,0.00,NULL,0,0.00,NULL,0,0.00,NULL,0,0.00,NULL,0,0.00,NULL,0,0.00,NULL,0,0.00,NULL,0,0.00,NULL,0,0.00,NULL,0,0.00,NULL,0,0.00,NULL,0,0.00,2524.00,2500.00,0.00,24.00,'2014-03-12 08:17:53','2014-03-12 08:17:53'),
	(42,6,'Denise','Stained Glass 6x3',3,400.00,NULL,0,0.00,NULL,0,0.00,NULL,0,0.00,NULL,0,0.00,NULL,0,0.00,NULL,0,0.00,NULL,0,0.00,NULL,0,0.00,NULL,0,0.00,NULL,0,0.00,NULL,0,0.00,NULL,0,0.00,NULL,0,0.00,NULL,0,0.00,NULL,0,0.00,NULL,0,0.00,NULL,0,0.00,NULL,0,0.00,NULL,0,0.00,NULL,0,0.00,1200.00,1000.00,0.00,200.00,'2014-03-16 15:13:10','2014-03-16 15:13:10'),
	(43,3,'Remtluangi','Stained Glass 6x3',2,400.00,NULL,0,0.00,NULL,0,0.00,NULL,0,0.00,NULL,0,0.00,NULL,0,0.00,NULL,0,0.00,NULL,0,0.00,NULL,0,0.00,NULL,0,0.00,NULL,0,0.00,NULL,0,0.00,NULL,0,0.00,NULL,0,0.00,NULL,0,0.00,NULL,0,0.00,NULL,0,0.00,NULL,0,0.00,NULL,0,0.00,NULL,0,0.00,NULL,0,0.00,800.00,700.00,0.00,100.00,'2014-03-16 15:21:25','2014-03-16 15:21:25'),
	(44,1,'CASH','Stained Glass 6x3',3,400.00,NULL,0,0.00,NULL,0,0.00,NULL,0,0.00,NULL,0,0.00,NULL,0,0.00,NULL,0,0.00,NULL,0,0.00,NULL,0,0.00,NULL,0,0.00,NULL,0,0.00,NULL,0,0.00,NULL,0,0.00,NULL,0,0.00,NULL,0,0.00,NULL,0,0.00,NULL,0,0.00,NULL,0,0.00,NULL,0,0.00,NULL,0,0.00,NULL,0,0.00,1200.00,1200.00,0.00,0.00,'2014-03-16 15:22:05','2014-03-16 15:22:05'),
	(45,1,'CASH','Stained Glass 6x3',2,400.00,NULL,0,0.00,NULL,0,0.00,NULL,0,0.00,NULL,0,0.00,NULL,0,0.00,NULL,0,0.00,NULL,0,0.00,NULL,0,0.00,NULL,0,0.00,NULL,0,0.00,NULL,0,0.00,NULL,0,0.00,NULL,0,0.00,NULL,0,0.00,NULL,0,0.00,NULL,0,0.00,NULL,0,0.00,NULL,0,0.00,NULL,0,0.00,NULL,0,0.00,800.00,700.00,0.00,100.00,'2014-03-16 15:30:29','2014-03-16 15:30:29'),
	(46,2,'Mangzalian Suante','White Distemper 1 liter',1,250.00,'Hammer 5kg',3,300.00,'Stained Glass 6x3',1,400.00,NULL,0,0.00,NULL,0,0.00,NULL,0,0.00,NULL,0,0.00,NULL,0,0.00,NULL,0,0.00,NULL,0,0.00,NULL,0,0.00,NULL,0,0.00,NULL,0,0.00,NULL,0,0.00,NULL,0,0.00,NULL,0,0.00,NULL,0,0.00,NULL,0,0.00,NULL,0,0.00,NULL,0,0.00,NULL,0,0.00,1550.00,1000.00,50.00,500.00,'2014-03-16 15:33:04','2014-03-16 15:33:04'),
	(47,2,'Mangzalian Suante','Mirror 6x2',1,350.00,'Wallpaper floral',2,1400.00,NULL,0,0.00,NULL,0,0.00,NULL,0,0.00,NULL,0,0.00,NULL,0,0.00,NULL,0,0.00,NULL,0,0.00,NULL,0,0.00,NULL,0,0.00,NULL,0,0.00,NULL,0,0.00,NULL,0,0.00,NULL,0,0.00,NULL,0,0.00,NULL,0,0.00,NULL,0,0.00,NULL,0,0.00,NULL,0,0.00,NULL,0,0.00,3150.00,2000.00,0.00,1150.00,'2014-03-16 15:40:51','2014-03-16 15:40:51'),
	(48,8,'Damhauha','CFL 60w',3,150.00,NULL,0,0.00,NULL,0,0.00,NULL,0,0.00,NULL,0,0.00,NULL,0,0.00,NULL,0,0.00,NULL,0,0.00,NULL,0,0.00,NULL,0,0.00,NULL,0,0.00,NULL,0,0.00,NULL,0,0.00,NULL,0,0.00,NULL,0,0.00,NULL,0,0.00,NULL,0,0.00,NULL,0,0.00,NULL,0,0.00,NULL,0,0.00,NULL,0,0.00,450.00,450.00,0.00,0.00,'2014-03-16 16:51:52','2014-03-16 16:51:52'),
	(49,15,'Gosa Ramdinmawia','Stained Glass 6x3',2,400.00,NULL,0,0.00,NULL,0,0.00,NULL,0,0.00,NULL,0,0.00,NULL,0,0.00,NULL,0,0.00,NULL,0,0.00,NULL,0,0.00,NULL,0,0.00,NULL,0,0.00,NULL,0,0.00,NULL,0,0.00,NULL,0,0.00,NULL,0,0.00,NULL,0,0.00,NULL,0,0.00,NULL,0,0.00,NULL,0,0.00,NULL,0,0.00,NULL,0,0.00,800.00,400.00,0.00,400.00,'2014-03-16 16:53:09','2014-03-16 16:53:09'),
	(50,3,'Remtluangi','Duraply 80mm',2,2450.00,NULL,0,0.00,NULL,0,0.00,NULL,0,0.00,NULL,0,0.00,NULL,0,0.00,NULL,0,0.00,NULL,0,0.00,NULL,0,0.00,NULL,0,0.00,NULL,0,0.00,NULL,0,0.00,NULL,0,0.00,NULL,0,0.00,NULL,0,0.00,NULL,0,0.00,NULL,0,0.00,NULL,0,0.00,NULL,0,0.00,NULL,0,0.00,NULL,0,0.00,4900.00,4900.00,0.00,0.00,'2014-03-16 16:58:12','2014-03-16 16:58:12'),
	(51,3,'Remtluangi','Duraply 80mm',2,2450.00,NULL,0,0.00,NULL,0,0.00,NULL,0,0.00,NULL,0,0.00,NULL,0,0.00,NULL,0,0.00,NULL,0,0.00,NULL,0,0.00,NULL,0,0.00,NULL,0,0.00,NULL,0,0.00,NULL,0,0.00,NULL,0,0.00,NULL,0,0.00,NULL,0,0.00,NULL,0,0.00,NULL,0,0.00,NULL,0,0.00,NULL,0,0.00,NULL,0,0.00,4900.00,4900.00,0.00,0.00,'2014-03-16 16:59:30','2014-03-16 16:59:30'),
	(52,3,'Remtluangi','Duraply 80mm',2,2450.00,NULL,0,0.00,NULL,0,0.00,NULL,0,0.00,NULL,0,0.00,NULL,0,0.00,NULL,0,0.00,NULL,0,0.00,NULL,0,0.00,NULL,0,0.00,NULL,0,0.00,NULL,0,0.00,NULL,0,0.00,NULL,0,0.00,NULL,0,0.00,NULL,0,0.00,NULL,0,0.00,NULL,0,0.00,NULL,0,0.00,NULL,0,0.00,NULL,0,0.00,4900.00,4900.00,0.00,0.00,'2014-03-16 16:59:32','2014-03-16 16:59:32'),
	(53,6,'Denise','Black Paint 1 liter',2,250.00,NULL,0,0.00,NULL,0,0.00,NULL,0,0.00,NULL,0,0.00,NULL,0,0.00,NULL,0,0.00,NULL,0,0.00,NULL,0,0.00,NULL,0,0.00,NULL,0,0.00,NULL,0,0.00,NULL,0,0.00,NULL,0,0.00,NULL,0,0.00,NULL,0,0.00,NULL,0,0.00,NULL,0,0.00,NULL,0,0.00,NULL,0,0.00,NULL,0,0.00,500.00,500.00,0.00,0.00,'2014-03-16 17:00:06','2014-03-16 17:00:06'),
	(58,2,'Mangzalian Suante','Battery 9 V',2,12.00,NULL,0,0.00,NULL,0,0.00,NULL,0,0.00,NULL,0,0.00,NULL,0,0.00,NULL,0,0.00,NULL,0,0.00,NULL,0,0.00,NULL,0,0.00,NULL,0,0.00,NULL,0,0.00,NULL,0,0.00,NULL,0,0.00,NULL,0,0.00,NULL,0,0.00,NULL,0,0.00,NULL,0,0.00,NULL,0,0.00,NULL,0,0.00,NULL,0,0.00,24.00,20.00,0.00,4.00,'2014-03-16 17:02:04','2014-03-16 17:02:04'),
	(59,2,'Mangzalian Suante','Red paint 1 ltrs',2,350.00,NULL,0,0.00,NULL,0,0.00,NULL,0,0.00,NULL,0,0.00,NULL,0,0.00,NULL,0,0.00,NULL,0,0.00,NULL,0,0.00,NULL,0,0.00,NULL,0,0.00,NULL,0,0.00,NULL,0,0.00,NULL,0,0.00,NULL,0,0.00,NULL,0,0.00,NULL,0,0.00,NULL,0,0.00,NULL,0,0.00,NULL,0,0.00,NULL,0,0.00,700.00,700.00,0.00,0.00,'2014-03-16 17:03:09','2014-03-16 17:03:09'),
	(60,2,'Mangzalian Suante','Red paint 1 ltrs',2,350.00,NULL,0,0.00,NULL,0,0.00,NULL,0,0.00,NULL,0,0.00,NULL,0,0.00,NULL,0,0.00,NULL,0,0.00,NULL,0,0.00,NULL,0,0.00,NULL,0,0.00,NULL,0,0.00,NULL,0,0.00,NULL,0,0.00,NULL,0,0.00,NULL,0,0.00,NULL,0,0.00,NULL,0,0.00,NULL,0,0.00,NULL,0,0.00,NULL,0,0.00,700.00,700.00,0.00,0.00,'2014-03-16 17:03:25','2014-03-16 17:03:25'),
	(61,8,'Damhauha','CFL 60w',1,150.00,NULL,0,0.00,NULL,0,0.00,NULL,0,0.00,NULL,0,0.00,NULL,0,0.00,NULL,0,0.00,NULL,0,0.00,NULL,0,0.00,NULL,0,0.00,NULL,0,0.00,NULL,0,0.00,NULL,0,0.00,NULL,0,0.00,NULL,0,0.00,NULL,0,0.00,NULL,0,0.00,NULL,0,0.00,NULL,0,0.00,NULL,0,0.00,NULL,0,0.00,150.00,150.00,0.00,0.00,'2014-03-16 17:34:16','2014-03-16 17:34:16'),
	(62,3,'Remtluangi','Duraply 80mm',3,2450.00,NULL,0,0.00,NULL,0,0.00,NULL,0,0.00,NULL,0,0.00,NULL,0,0.00,NULL,0,0.00,NULL,0,0.00,NULL,0,0.00,NULL,0,0.00,NULL,0,0.00,NULL,0,0.00,NULL,0,0.00,NULL,0,0.00,NULL,0,0.00,NULL,0,0.00,NULL,0,0.00,NULL,0,0.00,NULL,0,0.00,NULL,0,0.00,NULL,0,0.00,7350.00,7350.00,0.00,0.00,'2014-03-16 17:35:36','2014-03-16 17:35:36'),
	(63,3,'Remtluangi','Duraply 80mm',3,2450.00,NULL,0,0.00,NULL,0,0.00,NULL,0,0.00,NULL,0,0.00,NULL,0,0.00,NULL,0,0.00,NULL,0,0.00,NULL,0,0.00,NULL,0,0.00,NULL,0,0.00,NULL,0,0.00,NULL,0,0.00,NULL,0,0.00,NULL,0,0.00,NULL,0,0.00,NULL,0,0.00,NULL,0,0.00,NULL,0,0.00,NULL,0,0.00,NULL,0,0.00,7350.00,7350.00,0.00,0.00,'2014-03-16 17:36:39','2014-03-16 17:36:39'),
	(64,3,'Remtluangi','Duraply 80mm',3,2450.00,NULL,0,0.00,NULL,0,0.00,NULL,0,0.00,NULL,0,0.00,NULL,0,0.00,NULL,0,0.00,NULL,0,0.00,NULL,0,0.00,NULL,0,0.00,NULL,0,0.00,NULL,0,0.00,NULL,0,0.00,NULL,0,0.00,NULL,0,0.00,NULL,0,0.00,NULL,0,0.00,NULL,0,0.00,NULL,0,0.00,NULL,0,0.00,NULL,0,0.00,7350.00,7350.00,0.00,0.00,'2014-03-16 17:36:53','2014-03-16 17:36:53'),
	(65,3,'Remtluangi','Duraply 80mm',3,2450.00,NULL,0,0.00,NULL,0,0.00,NULL,0,0.00,NULL,0,0.00,NULL,0,0.00,NULL,0,0.00,NULL,0,0.00,NULL,0,0.00,NULL,0,0.00,NULL,0,0.00,NULL,0,0.00,NULL,0,0.00,NULL,0,0.00,NULL,0,0.00,NULL,0,0.00,NULL,0,0.00,NULL,0,0.00,NULL,0,0.00,NULL,0,0.00,NULL,0,0.00,7350.00,7350.00,0.00,0.00,'2014-03-16 17:37:54','2014-03-16 17:37:54'),
	(66,3,'Remtluangi','Duraply 80mm',3,2450.00,NULL,0,0.00,NULL,0,0.00,NULL,0,0.00,NULL,0,0.00,NULL,0,0.00,NULL,0,0.00,NULL,0,0.00,NULL,0,0.00,NULL,0,0.00,NULL,0,0.00,NULL,0,0.00,NULL,0,0.00,NULL,0,0.00,NULL,0,0.00,NULL,0,0.00,NULL,0,0.00,NULL,0,0.00,NULL,0,0.00,NULL,0,0.00,NULL,0,0.00,7350.00,7350.00,0.00,0.00,'2014-03-16 17:38:14','2014-03-16 17:38:14'),
	(67,3,'Remtluangi','Duraply 80mm',3,2450.00,NULL,0,0.00,NULL,0,0.00,NULL,0,0.00,NULL,0,0.00,NULL,0,0.00,NULL,0,0.00,NULL,0,0.00,NULL,0,0.00,NULL,0,0.00,NULL,0,0.00,NULL,0,0.00,NULL,0,0.00,NULL,0,0.00,NULL,0,0.00,NULL,0,0.00,NULL,0,0.00,NULL,0,0.00,NULL,0,0.00,NULL,0,0.00,NULL,0,0.00,7350.00,7350.00,0.00,0.00,'2014-03-16 17:38:26','2014-03-16 17:38:26'),
	(68,2,'Mangzalian Suante','Duraply 80mm',3,2450.00,NULL,0,0.00,NULL,0,0.00,NULL,0,0.00,NULL,0,0.00,NULL,0,0.00,NULL,0,0.00,NULL,0,0.00,NULL,0,0.00,NULL,0,0.00,NULL,0,0.00,NULL,0,0.00,NULL,0,0.00,NULL,0,0.00,NULL,0,0.00,NULL,0,0.00,NULL,0,0.00,NULL,0,0.00,NULL,0,0.00,NULL,0,0.00,NULL,0,0.00,7350.00,7350.00,0.00,0.00,'2014-03-16 17:38:47','2014-03-16 17:38:47'),
	(69,2,'Mangzalian Suante','Duraply 80mm',3,2450.00,NULL,0,0.00,NULL,0,0.00,NULL,0,0.00,NULL,0,0.00,NULL,0,0.00,NULL,0,0.00,NULL,0,0.00,NULL,0,0.00,NULL,0,0.00,NULL,0,0.00,NULL,0,0.00,NULL,0,0.00,NULL,0,0.00,NULL,0,0.00,NULL,0,0.00,NULL,0,0.00,NULL,0,0.00,NULL,0,0.00,NULL,0,0.00,NULL,0,0.00,7350.00,7350.00,0.00,0.00,'2014-03-16 17:39:40','2014-03-16 17:39:40'),
	(70,2,'Mangzalian Suante','Duraply 80mm',1,2450.00,NULL,0,0.00,NULL,0,0.00,NULL,0,0.00,NULL,0,0.00,NULL,0,0.00,NULL,0,0.00,NULL,0,0.00,NULL,0,0.00,NULL,0,0.00,NULL,0,0.00,NULL,0,0.00,NULL,0,0.00,NULL,0,0.00,NULL,0,0.00,NULL,0,0.00,NULL,0,0.00,NULL,0,0.00,NULL,0,0.00,NULL,0,0.00,NULL,0,0.00,2450.00,2450.00,0.00,0.00,'2014-03-16 17:39:55','2014-03-16 17:39:55'),
	(71,2,'Mangzalian Suante','Duraply 80mm',1,2450.00,NULL,0,0.00,NULL,0,0.00,NULL,0,0.00,NULL,0,0.00,NULL,0,0.00,NULL,0,0.00,NULL,0,0.00,NULL,0,0.00,NULL,0,0.00,NULL,0,0.00,NULL,0,0.00,NULL,0,0.00,NULL,0,0.00,NULL,0,0.00,NULL,0,0.00,NULL,0,0.00,NULL,0,0.00,NULL,0,0.00,NULL,0,0.00,NULL,0,0.00,2450.00,2450.00,0.00,0.00,'2014-03-16 17:41:51','2014-03-16 17:41:51'),
	(72,2,'Mangzalian Suante','Duraply 80mm',1,2450.00,NULL,0,0.00,NULL,0,0.00,NULL,0,0.00,NULL,0,0.00,NULL,0,0.00,NULL,0,0.00,NULL,0,0.00,NULL,0,0.00,NULL,0,0.00,NULL,0,0.00,NULL,0,0.00,NULL,0,0.00,NULL,0,0.00,NULL,0,0.00,NULL,0,0.00,NULL,0,0.00,NULL,0,0.00,NULL,0,0.00,NULL,0,0.00,NULL,0,0.00,2450.00,2450.00,0.00,0.00,'2014-03-16 17:42:01','2014-03-16 17:42:01'),
	(73,3,'Remtluangi','Duraply 80mm',1,2450.00,NULL,0,0.00,NULL,0,0.00,NULL,0,0.00,NULL,0,0.00,NULL,0,0.00,NULL,0,0.00,NULL,0,0.00,NULL,0,0.00,NULL,0,0.00,NULL,0,0.00,NULL,0,0.00,NULL,0,0.00,NULL,0,0.00,NULL,0,0.00,NULL,0,0.00,NULL,0,0.00,NULL,0,0.00,NULL,0,0.00,NULL,0,0.00,NULL,0,0.00,2450.00,2450.00,0.00,0.00,'2014-03-16 17:42:58','2014-03-16 17:42:58'),
	(74,2,'Mangzalian Suante','Duraply 80mm',1,2450.00,NULL,0,0.00,NULL,0,0.00,NULL,0,0.00,NULL,0,0.00,NULL,0,0.00,NULL,0,0.00,NULL,0,0.00,NULL,0,0.00,NULL,0,0.00,NULL,0,0.00,NULL,0,0.00,NULL,0,0.00,NULL,0,0.00,NULL,0,0.00,NULL,0,0.00,NULL,0,0.00,NULL,0,0.00,NULL,0,0.00,NULL,0,0.00,NULL,0,0.00,2450.00,2450.00,0.00,0.00,'2014-03-16 17:43:53','2014-03-16 17:43:53'),
	(75,2,'Mangzalian Suante','Plastic net 5mts',1,1200.00,NULL,0,0.00,NULL,0,0.00,NULL,0,0.00,NULL,0,0.00,NULL,0,0.00,NULL,0,0.00,NULL,0,0.00,NULL,0,0.00,NULL,0,0.00,NULL,0,0.00,NULL,0,0.00,NULL,0,0.00,NULL,0,0.00,NULL,0,0.00,NULL,0,0.00,NULL,0,0.00,NULL,0,0.00,NULL,0,0.00,NULL,0,0.00,NULL,0,0.00,1200.00,1200.00,0.00,0.00,'2014-03-16 17:44:33','2014-03-16 17:44:33'),
	(76,2,'Mangzalian Suante','Plastic net 5mts',1,1200.00,NULL,0,0.00,NULL,0,0.00,NULL,0,0.00,NULL,0,0.00,NULL,0,0.00,NULL,0,0.00,NULL,0,0.00,NULL,0,0.00,NULL,0,0.00,NULL,0,0.00,NULL,0,0.00,NULL,0,0.00,NULL,0,0.00,NULL,0,0.00,NULL,0,0.00,NULL,0,0.00,NULL,0,0.00,NULL,0,0.00,NULL,0,0.00,NULL,0,0.00,1200.00,1200.00,0.00,0.00,'2014-03-16 17:45:11','2014-03-16 17:45:11'),
	(77,2,'Mangzalian Suante','Duraply 80mm',1,2450.00,NULL,0,0.00,NULL,0,0.00,NULL,0,0.00,NULL,0,0.00,NULL,0,0.00,NULL,0,0.00,NULL,0,0.00,NULL,0,0.00,NULL,0,0.00,NULL,0,0.00,NULL,0,0.00,NULL,0,0.00,NULL,0,0.00,NULL,0,0.00,NULL,0,0.00,NULL,0,0.00,NULL,0,0.00,NULL,0,0.00,NULL,0,0.00,NULL,0,0.00,2450.00,2450.00,0.00,0.00,'2014-03-16 17:46:43','2014-03-16 17:46:43'),
	(78,2,'Mangzalian Suante','Duraply 80mm',1,2450.00,NULL,0,0.00,NULL,0,0.00,NULL,0,0.00,NULL,0,0.00,NULL,0,0.00,NULL,0,0.00,NULL,0,0.00,NULL,0,0.00,NULL,0,0.00,NULL,0,0.00,NULL,0,0.00,NULL,0,0.00,NULL,0,0.00,NULL,0,0.00,NULL,0,0.00,NULL,0,0.00,NULL,0,0.00,NULL,0,0.00,NULL,0,0.00,NULL,0,0.00,2450.00,1000.00,0.00,1450.00,'2014-03-16 17:49:37','2014-03-16 17:49:37'),
	(79,2,'Mangzalian Suante','Plastic net 5mts',1,1200.00,NULL,0,0.00,NULL,0,0.00,NULL,0,0.00,NULL,0,0.00,NULL,0,0.00,NULL,0,0.00,NULL,0,0.00,NULL,0,0.00,NULL,0,0.00,NULL,0,0.00,NULL,0,0.00,NULL,0,0.00,NULL,0,0.00,NULL,0,0.00,NULL,0,0.00,NULL,0,0.00,NULL,0,0.00,NULL,0,0.00,NULL,0,0.00,NULL,0,0.00,1200.00,1200.00,0.00,0.00,'2014-03-16 17:50:17','2014-03-16 17:50:17'),
	(80,7,'Hmangaiha','Duraply 80mm',1,2450.00,NULL,0,0.00,NULL,0,0.00,NULL,0,0.00,NULL,0,0.00,NULL,0,0.00,NULL,0,0.00,NULL,0,0.00,NULL,0,0.00,NULL,0,0.00,NULL,0,0.00,NULL,0,0.00,NULL,0,0.00,NULL,0,0.00,NULL,0,0.00,NULL,0,0.00,NULL,0,0.00,NULL,0,0.00,NULL,0,0.00,NULL,0,0.00,NULL,0,0.00,2450.00,2450.00,0.00,0.00,'2014-03-16 17:52:05','2014-03-16 17:52:05'),
	(81,3,'Remtluangi','Duraply 80mm',1,2450.00,NULL,0,0.00,NULL,0,0.00,NULL,0,0.00,NULL,0,0.00,NULL,0,0.00,NULL,0,0.00,NULL,0,0.00,NULL,0,0.00,NULL,0,0.00,NULL,0,0.00,NULL,0,0.00,NULL,0,0.00,NULL,0,0.00,NULL,0,0.00,NULL,0,0.00,NULL,0,0.00,NULL,0,0.00,NULL,0,0.00,NULL,0,0.00,NULL,0,0.00,2450.00,1111.00,0.00,1339.00,'2014-03-16 17:56:19','2014-03-16 17:56:19'),
	(82,4,'Mawitea','Duraply 80mm',1,2450.00,NULL,0,0.00,NULL,0,0.00,NULL,0,0.00,NULL,0,0.00,NULL,0,0.00,NULL,0,0.00,NULL,0,0.00,NULL,0,0.00,NULL,0,0.00,NULL,0,0.00,NULL,0,0.00,NULL,0,0.00,NULL,0,0.00,NULL,0,0.00,NULL,0,0.00,NULL,0,0.00,NULL,0,0.00,NULL,0,0.00,NULL,0,0.00,NULL,0,0.00,2450.00,2222.00,0.00,228.00,'2014-03-16 18:02:41','2014-03-16 18:02:41'),
	(83,10,'Mangchhuana','Duraply 80mm',1,2450.00,NULL,0,0.00,NULL,0,0.00,NULL,0,0.00,NULL,0,0.00,NULL,0,0.00,NULL,0,0.00,NULL,0,0.00,NULL,0,0.00,NULL,0,0.00,NULL,0,0.00,NULL,0,0.00,NULL,0,0.00,NULL,0,0.00,NULL,0,0.00,NULL,0,0.00,NULL,0,0.00,NULL,0,0.00,NULL,0,0.00,NULL,0,0.00,NULL,0,0.00,2450.00,2222.00,0.00,228.00,'2014-03-16 18:03:35','2014-03-16 18:03:35'),
	(84,11,'Robert Romawia','Duraply 80mm',1,2450.00,NULL,0,0.00,NULL,0,0.00,NULL,0,0.00,NULL,0,0.00,NULL,0,0.00,NULL,0,0.00,NULL,0,0.00,NULL,0,0.00,NULL,0,0.00,NULL,0,0.00,NULL,0,0.00,NULL,0,0.00,NULL,0,0.00,NULL,0,0.00,NULL,0,0.00,NULL,0,0.00,NULL,0,0.00,NULL,0,0.00,NULL,0,0.00,NULL,0,0.00,2450.00,2222.00,0.00,228.00,'2014-03-16 18:04:18','2014-03-16 18:04:18'),
	(85,1,'CASH','Duraply 80mm',1,2450.00,NULL,0,0.00,NULL,0,0.00,NULL,0,0.00,NULL,0,0.00,NULL,0,0.00,NULL,0,0.00,NULL,0,0.00,NULL,0,0.00,NULL,0,0.00,NULL,0,0.00,NULL,0,0.00,NULL,0,0.00,NULL,0,0.00,NULL,0,0.00,NULL,0,0.00,NULL,0,0.00,NULL,0,0.00,NULL,0,0.00,NULL,0,0.00,NULL,0,0.00,2450.00,1111.00,0.00,1339.00,'2014-03-16 18:07:56','2014-03-16 18:07:56'),
	(86,8,'Damhauha','Wallpaper floral',3,1400.00,NULL,0,0.00,NULL,0,0.00,NULL,0,0.00,NULL,0,0.00,NULL,0,0.00,NULL,0,0.00,NULL,0,0.00,NULL,0,0.00,NULL,0,0.00,NULL,0,0.00,NULL,0,0.00,NULL,0,0.00,NULL,0,0.00,NULL,0,0.00,NULL,0,0.00,NULL,0,0.00,NULL,0,0.00,NULL,0,0.00,NULL,0,0.00,NULL,0,0.00,8400.00,7777.00,0.00,623.00,'2014-03-16 21:04:48','2014-03-16 21:04:48'),
	(87,8,'Damhauha','Battery 9 V',2,12.00,'Yoca Drill',2,1600.00,NULL,0,0.00,NULL,0,0.00,NULL,0,0.00,NULL,0,0.00,NULL,0,0.00,NULL,0,0.00,NULL,0,0.00,NULL,0,0.00,NULL,0,0.00,NULL,0,0.00,NULL,0,0.00,NULL,0,0.00,NULL,0,0.00,NULL,0,0.00,NULL,0,0.00,NULL,0,0.00,NULL,0,0.00,NULL,0,0.00,NULL,0,0.00,6448.00,6000.00,48.00,400.00,'2014-03-17 10:49:19','2014-03-17 10:49:19'),
	(88,3,'Remtluangi','Stained Glass 6x3',1,400.00,NULL,0,0.00,NULL,0,0.00,NULL,0,0.00,NULL,0,0.00,NULL,0,0.00,NULL,0,0.00,NULL,0,0.00,NULL,0,0.00,NULL,0,0.00,NULL,0,0.00,NULL,0,0.00,NULL,0,0.00,NULL,0,0.00,NULL,0,0.00,NULL,0,0.00,NULL,0,0.00,NULL,0,0.00,NULL,0,0.00,NULL,0,0.00,NULL,0,0.00,800.00,700.00,0.00,100.00,'2014-03-17 16:09:08','2014-03-17 16:09:08');

/*!40000 ALTER TABLE `sales` ENABLE KEYS */;
UNLOCK TABLES;


# Dump of table stocks
# ------------------------------------------------------------

DROP TABLE IF EXISTS `stocks`;

CREATE TABLE `stocks` (
  `id` int(10) unsigned NOT NULL AUTO_INCREMENT,
  `item_name` text COLLATE utf32_unicode_ci NOT NULL,
  `brand` text COLLATE utf32_unicode_ci NOT NULL,
  `supplier_id` int(11) NOT NULL,
  `category_id` int(11) NOT NULL,
  `quantity` int(11) NOT NULL,
  `rate` decimal(10,2) DEFAULT NULL,
  `threshold` int(11) DEFAULT NULL,
  `userid` int(11) NOT NULL,
  `sp` decimal(10,2) DEFAULT NULL,
  `created_at` datetime NOT NULL,
  `updated_at` datetime NOT NULL,
  PRIMARY KEY (`id`)
) ENGINE=InnoDB DEFAULT CHARSET=utf32 COLLATE=utf32_unicode_ci;

LOCK TABLES `stocks` WRITE;
/*!40000 ALTER TABLE `stocks` DISABLE KEYS */;

INSERT INTO `stocks` (`id`, `item_name`, `brand`, `supplier_id`, `category_id`, `quantity`, `rate`, `threshold`, `userid`, `sp`, `created_at`, `updated_at`)
VALUES
	(2,'White Distemper 1 liter','Dulux',3,1,4,202.00,5,1,250.00,'2014-01-19 15:31:55','2014-01-19 15:31:55'),
	(3,'Mirror 6x2','Nilkamal',1,6,8,310.00,2,8,350.00,'2014-01-19 16:21:39','2014-01-19 16:21:39'),
	(4,'Duraply 80mm','Duraply',5,4,51,2200.00,2,8,2450.00,'2014-01-19 16:38:19','2014-01-19 16:38:19'),
	(5,'Mirror 3x3','Rajus',2,5,10,100.00,1,1,120.00,'2014-01-19 17:23:33','2014-01-19 17:23:33'),
	(6,'Plastic net 5mts','Nilkamal',1,1,30,1000.00,1,1,1200.00,'2014-01-20 03:41:27','2014-01-20 03:41:27'),
	(7,'Battery 9 V','Nippon',1,7,11,10.00,1,1,12.00,'2014-01-20 04:40:14','2014-01-20 04:40:14'),
	(8,'Red paint 1 ltrs','British Paints',3,1,11,330.00,3,7,360.00,'2014-01-20 04:41:01','2014-01-20 04:41:01'),
	(9,'Black Paint 1 liter','Dulux',3,1,22,200.00,1,2,250.00,'2014-01-20 05:01:58','2014-01-20 05:01:58'),
	(10,'Wallpaper floral','Godiva Wallpapers',4,9,7,1320.00,1,8,1400.00,'2014-01-20 08:43:17','2014-01-20 08:43:17'),
	(11,'Stained Glass 6x3','Kohinoor',2,5,7,350.00,2,8,400.00,'2014-01-20 08:58:27','2014-01-20 08:58:27'),
	(18,'Two way mirror 6 x 4','Rajneet',2,5,20,1000.00,3,2,1500.00,'2014-03-04 10:26:08','2014-03-04 10:26:08'),
	(19,'One way mirror 6x4','Kohinoor',2,5,4,1000.00,2,2,1400.00,'2014-03-04 10:28:12','2014-03-04 10:28:12'),
	(20,'Hammer 5kg','Taparia',1,10,7,202.33,2,2,300.00,'2014-03-11 10:09:26','2014-03-11 10:09:26'),
	(21,'Thinner 1 ltr','Ramu',3,11,12,110.00,2,2,130.00,'2014-03-12 07:35:05','2014-03-12 07:35:05'),
	(22,'Thinner 0.5 ltrs','Ramu',3,11,12,60.00,2,2,70.00,'2014-03-12 07:36:29','2014-03-12 07:36:29'),
	(23,'CFL 60w','Philips',5,12,6,132.00,2,8,150.00,'2014-03-16 13:05:29','2014-03-16 13:05:29'),
	(24,'Yoca Drill','Yoca',1,14,8,1500.00,3,7,1600.00,'2014-03-17 10:46:35','2014-03-17 10:46:35');

/*!40000 ALTER TABLE `stocks` ENABLE KEYS */;
UNLOCK TABLES;


# Dump of table suppliers
# ------------------------------------------------------------

DROP TABLE IF EXISTS `suppliers`;

CREATE TABLE `suppliers` (
  `id` int(10) unsigned NOT NULL AUTO_INCREMENT,
  `supplier_name` varchar(128) COLLATE utf32_unicode_ci NOT NULL,
  `address` text COLLATE utf32_unicode_ci NOT NULL,
  `phone` varchar(12) COLLATE utf32_unicode_ci DEFAULT NULL,
  `created_at` datetime NOT NULL,
  `updated_at` datetime NOT NULL,
  `credit` decimal(10,2) NOT NULL DEFAULT '0.00',
  `debit` decimal(10,2) NOT NULL DEFAULT '0.00',
  PRIMARY KEY (`id`),
  UNIQUE KEY `supplier_name` (`supplier_name`)
) ENGINE=InnoDB DEFAULT CHARSET=utf32 COLLATE=utf32_unicode_ci;

LOCK TABLES `suppliers` WRITE;
/*!40000 ALTER TABLE `suppliers` DISABLE KEYS */;

INSERT INTO `suppliers` (`id`, `supplier_name`, `address`, `phone`, `created_at`, `updated_at`, `credit`, `debit`)
VALUES
	(1,'Zakamlova Hardware Store','Lower Zarkawt','9436362988','2014-01-19 06:26:07','2014-03-17 10:46:35',15203.30,0.00),
	(2,'Ding Ding Glass Works','Bawngkawn','9827638492','2014-01-19 06:27:51','2014-03-04 10:28:12',1400.00,0.00),
	(3,'Aizawl Paint House','Kulikawn','0389-2344323','2014-01-19 12:35:31','2014-03-12 07:35:05',970.00,0.00),
	(4,'Veraz','Zarkawt','0389-2387628','2014-01-20 08:41:59','2014-01-20 08:43:17',100.00,0.00),
	(5,'Bawngkawn Hardware Depot','Bawngkawn','9834829344','2014-01-20 12:26:56','2014-03-16 13:05:29',10403.30,0.00);

/*!40000 ALTER TABLE `suppliers` ENABLE KEYS */;
UNLOCK TABLES;


# Dump of table users
# ------------------------------------------------------------

DROP TABLE IF EXISTS `users`;

CREATE TABLE `users` (
  `id` int(10) unsigned NOT NULL AUTO_INCREMENT,
  `username` varchar(50) COLLATE utf32_unicode_ci NOT NULL,
  `password` varchar(60) COLLATE utf32_unicode_ci NOT NULL,
  `created_at` datetime NOT NULL,
  `updated_at` datetime NOT NULL,
  `user_type` tinyint(1) NOT NULL DEFAULT '0',
  PRIMARY KEY (`id`)
) ENGINE=InnoDB DEFAULT CHARSET=utf32 COLLATE=utf32_unicode_ci;

LOCK TABLES `users` WRITE;
/*!40000 ALTER TABLE `users` DISABLE KEYS */;

INSERT INTO `users` (`id`, `username`, `password`, `created_at`, `updated_at`, `user_type`)
VALUES
	(7,'sena','$2a$08$34WbPIXGKXyulAnpDFa.T..MVt3VIe9rjY5GqNy2y8q2DXUGf7D7i','2014-03-15 19:20:13','2014-03-15 19:20:13',1),
	(8,'admin','$2a$08$.xyBltY8d0eCcEUk/RpKYutEPQu6kwkvhMujHK86aHIShXJeSPHVa','2014-03-15 19:21:57','2014-03-15 19:21:57',1),
	(11,'muana','$2a$08$V3VTMrypfkzHnHkPXZmD5u0v0JUzHGBxOPTsaQxZWNYjUX1lDRg.W','2014-03-17 15:33:22','2014-03-17 15:33:22',0);

/*!40000 ALTER TABLE `users` ENABLE KEYS */;
UNLOCK TABLES;



/*!40111 SET SQL_NOTES=@OLD_SQL_NOTES */;
/*!40101 SET SQL_MODE=@OLD_SQL_MODE */;
/*!40014 SET FOREIGN_KEY_CHECKS=@OLD_FOREIGN_KEY_CHECKS */;
/*!40101 SET CHARACTER_SET_CLIENT=@OLD_CHARACTER_SET_CLIENT */;
/*!40101 SET CHARACTER_SET_RESULTS=@OLD_CHARACTER_SET_RESULTS */;
/*!40101 SET COLLATION_CONNECTION=@OLD_COLLATION_CONNECTION */;
